domain,domainUnflipped
*amazonass.com*,amazonaws.com.
*applg.com*,apple.com.
*aloudfront.net*,cloudfront.net.
*bloudfront.net*,cloudfront.net.
*cdoudfront.net*,cloudfront.net.
*clgudfront.net*,cloudfront.net.
*clkudfront.net*,cloudfront.net.
*clmudfront.net*,cloudfront.net.
*clnudfront.net*,cloudfront.net.
*clo5dfront.net*,cloudfront.net.
*cloqdfront.net*,cloudfront.net.
*choudfront.net*,cloudfront.net.
*clotdfront.net*,cloudfront.net.
*cloudbront.net*,cloudfront.net.
*cloudf2ont.net*,cloudfront.net.
*cloudfbont.net*,cloudfront.net.
*cloudfpont.net*,cloudfront.net.
*cloudfrgnt.net*,cloudfront.net.
*cloudfrknt.net*,cloudfront.net.
*cloudfrmnt.net*,cloudfront.net.
*cloudfrnnt.net*,cloudfront.net.
*cloudfroft.net*,cloudfront.net.
*cloudfrojt.net*,cloudfront.net.
*cloudfrolt.net*,cloudfront.net.
*cloudfron4.net*,cloudfront.net.
*cloudfrond.net*,cloudfront.net.
*cloudfronp.net*,cloudfront.net.
*cloudfronu.net*,cloudfront.net.
*cloudfronv.net*,cloudfront.net.
*cloudfroot.net*,cloudfront.net.
*cloudfsont.net*,cloudfront.net.
*cloudfvont.net*,cloudfront.net.
*cloudfzont.net*,cloudfront.net.
*cloudnront.net*,cloudfront.net.
*cloudvront.net*,cloudfront.net.
*clouefront.net*,cloudfront.net.
*cloulfront.net*,cloudfront.net.
*cmoudfront.net*,cloudfront.net.
*cnoudfront.net*,cloudfront.net.
*kloudfront.net*,cloudfront.net.
*sloudfront.net*,cloudfront.net.
*dgubleclick.net*,doubleclick.net.
*dkubleclick.net*,doubleclick.net.
*dnubleclick.net*,doubleclick.net.
*dmubleclick.net*,doubleclick.net.
*doqbleclick.net*,doubleclick.net.
*dotbleclick.net*,doubleclick.net.
*doublecliak.net*,doubleclick.net.
*doubleblick.net*,doubleclick.net.
*doubleclibk.net*,doubleclick.net.
*doublecligk.net*,doubleclick.net.
*doubleclicc.net*,doubleclick.net.
*doubleclikk.net*,doubleclick.net.
*doubleclisk.net*,doubleclick.net.
*doubleclmck.net*,doubleclick.net.
*doublecnick.net*,doubleclick.net.
*doublecmick.net*,doubleclick.net.
*doublmclick.net*,doubleclick.net.
*doubleglick.net*,doubleclick.net.
*doubluclick.net*,doubleclick.net.
*doubmeclick.net*,doubleclick.net.
*doubneclick.net*,doubleclick.net.
*doucleclick.net*,doubleclick.net.
*doufleclick.net*,doubleclick.net.
*doujleclick.net*,doubleclick.net.
*dowbleclick.net*,doubleclick.net.
*dourleclick.net*,doubleclick.net.
*googlm-analytics.com*,google-analytics.com.
*googlg-analytics.com*,google-analytics.com.
*googne-analytics.com*,google-analytics.com.
*gooole-analytics.com*,google-analytics.com.
*ggogle-analytics.com*,google-analytics.com.
*gmogle-analytics.com*,google-analytics.com.
*gomgle-analytics.com*,google-analytics.com.
*gooele-analytics.com*,google-analytics.com.
*googde-analytics.com*,google-analytics.com.
*google-alalytics.com*,google-analytics.com.
*coogleapis.com*,googleapis.com.
*eoogleapis.com*,googleapis.com.
*ggogleapis.com*,googleapis.com.
*gkogleapis.com*,googleapis.com.
*gmogleapis.com*,googleapis.com.
*gnogleapis.com*,googleapis.com.
*goggleapis.com*,googleapis.com.
*gokgleapis.com*,googleapis.com.
*gomgleapis.com*,googleapis.com.
*goocleapis.com*,googleapis.com.
*gooeleapis.com*,googleapis.com.
*googdeapis.com*,googleapis.com.
*googheapis.com*,googleapis.com.
*googldapis.com*,googleapis.com.
*googlgapis.com*,googleapis.com.
*googlmapis.com*,googleapis.com.
*googmeapis.com*,googleapis.com.
*googneapis.com*,googleapis.com.
*goowleapis.com*,googleapis.com.
*goooleapis.com*,googleapis.com.
*ooogleapis.com*,googleapis.com.
*woogleapis.com*,googleapis.com.
*goggleusercontent.com*,googleusercontent.com.
*coogleusercontent.com*,googleusercontent.com.
*eoogleusercontent.com*,googleusercontent.com.
*ggogleusercontent.com*,googleusercontent.com.
*gkogleusercontent.com*,googleusercontent.com.
*gmogleusercontent.com*,googleusercontent.com.
*gnogleusercontent.com*,googleusercontent.com.
*gokgleusercontent.com*,googleusercontent.com.
*gomgleusercontent.com*,googleusercontent.com.
*gongleusercontent.com*,googleusercontent.com.
*goocleusercontent.com*,googleusercontent.com.
*gooeleusercontent.com*,googleusercontent.com.
*googdeusercontent.com*,googleusercontent.com.
*googheusercontent.com*,googleusercontent.com.
*googlausercontent.com*,googleusercontent.com.
*googldusercontent.com*,googleusercontent.com.
*google5sercontent.com*,googleusercontent.com.
*googleqsercontent.com*,googleusercontent.com.
*googletsercontent.com*,googleusercontent.com.
*googleu3ercontent.com*,googleusercontent.com.
*googleucercontent.com*,googleusercontent.com.
*googleuqercontent.com*,googleusercontent.com.
*googleurercontent.com*,googleusercontent.com.
*googleusdrcontent.com*,googleusercontent.com.
*googleuse2content.com*,googleusercontent.com.
*googleusepcontent.com*,googleusercontent.com.
*googleuseraontent.com*,googleusercontent.com.
*googleuserbontent.com*,googleusercontent.com.
*googleusercgntent.com*,googleusercontent.com.
*googleuserckntent.com*,googleusercontent.com.
*googleusercmntent.com*,googleusercontent.com.
*googleusercnntent.com*,googleusercontent.com.
*googleusercoftent.com*,googleusercontent.com.
*googleusercojtent.com*,googleusercontent.com.
*googleusercoltent.com*,googleusercontent.com.
*googleusercon4ent.com*,googleusercontent.com.
*googleusercondent.com*,googleusercontent.com.
*googleuserconpent.com*,googleusercontent.com.
*googleusercontdnt.com*,googleusercontent.com.
*googleuserconteft.com*,googleusercontent.com.
*googleusercontejt.com*,googleusercontent.com.
*googleusercontelt.com*,googleusercontent.com.
*googleuserconten4.com*,googleusercontent.com.
*googleusercontend.com*,googleusercontent.com.
*googleusercontenp.com*,googleusercontent.com.
*googleusercontenu.com*,googleusercontent.com.
*googleusercontenv.com*,googleusercontent.com.
*googleuserconteot.com*,googleusercontent.com.
*googleusercontgnt.com*,googleusercontent.com.
*googleusercontmnt.com*,googleusercontent.com.
*googleusercontunt.com*,googleusercontent.com.
*googleuserconuent.com*,googleusercontent.com.
*googleuserconvent.com*,googleusercontent.com.
*googleusergontent.com*,googleusercontent.com.
*googleuserkontent.com*,googleusercontent.com.
*googleusersontent.com*,googleusercontent.com.
*googleusescontent.com*,googleusercontent.com.
*googleusevcontent.com*,googleusercontent.com.
*googleusezcontent.com*,googleusercontent.com.
*googleusgrcontent.com*,googleusercontent.com.
*googleusmrcontent.com*,googleusercontent.com.
*googleusurcontent.com*,googleusercontent.com.
*googleuwercontent.com*,googleusercontent.com.
*googlewsercontent.com*,googleusercontent.com.
*googlgusercontent.com*,googleusercontent.com.
*googlmusercontent.com*,googleusercontent.com.
*googluusercontent.com*,googleusercontent.com.
*googmeusercontent.com*,googleusercontent.com.
*googneusercontent.com*,googleusercontent.com.
*goooleusercontent.com*,googleusercontent.com.
*goowleusercontent.com*,googleusercontent.com.
*woogleusercontent.com*,googleusercontent.com.
*gs4atic.com*,gstatic.com.
*gsdatic.com*,gstatic.com.
*gspatic.com*,gstatic.com.
*gsta4ic.com*,gstatic.com.
*gstadic.com*,gstatic.com.
*gstapic.com*,gstatic.com.
*gstathc.com*,gstatic.com.
*gstatia.com*,gstatic.com.
*gstatib.com*,gstatic.com.
*gstatig.com*,gstatic.com.
*gstatkc.com*,gstatic.com.
*gstatmc.com*,gstatic.com.
*gstatyc.com*,gstatic.com.
*gstavic.com*,gstatic.com.
*gstauic.com*,gstatic.com.
*gstctic.com*,gstatic.com.
*gstqtic.com*,gstatic.com.
*gsuatic.com*,gstatic.com.
*gsvatic.com*,gstatic.com.
*iclotd.com*,icloud.com.
*iclgud.com*,icloud.com.
*icdoud.com*,icloud.com.
*iclkud.com*,icloud.com.
*iclmud.com*,icloud.com.
*iclnud.com*,icloud.com.
*icloqd.com*,icloud.com.
*icnoud.com*,icloud.com.
*s3namazonaws.com*,s3.amazonaws.com.
*compute-1namazonaws.com*,compute-1.amazonaws.com.
*compute-2namazonaws.com*,compute-2.amazonaws.com.
*elbnamazonaws.com*,elb.amazonaws.com.
*dhsqus.com*,disqus.com.
*di3qus.com*,disqus.com.
*diqqus.com*,disqus.com.
*dirqus.com*,disqus.com.
*dis1us.com*,disqus.com.
*disaus.com*,disqus.com.
*disqqs.com*,disqus.com.
*disq5s.com*,disqus.com.
*disqts.com*,disqus.com.
*disqu3.com*,disqus.com.
*disquc.com*,disqus.com.
*disquq.com*,disqus.com.
*disqur.com*,disqus.com.
*disquw.com*,disqus.com.
*disqws.com*,disqus.com.
*disuus.com*,disqus.com.
*diwqus.com*,disqus.com.
*disyus.com*,disqus.com.
*dksqus.com*,disqus.com.
*dmsqus.com*,disqus.com.
*eisqus.com*,disqus.com.
*dysqus.com*,disqus.com.
*tisqus.com*,disqus.com.
*lisqus.com*,disqus.com.
*jauery.com*,jquery.com.
*jqqery.com*,jquery.com.
*jpuery.com*,jquery.com.
*jqtery.com*,jquery.com.
*jqueby.com*,jquery.com.
*jquepy.com*,jquery.com.
*jquerq.com*,jquery.com.
*jquerx.com*,jquery.com.
*jquesy.com*,jquery.com.
*jquevy.com*,jquery.com.
*jqugry.com*,jquery.com.
*jquezy.com*,jquery.com.
*jqumry.com*,jquery.com.
*jsuery.com*,jquery.com.
*juuery.com*,jquery.com.
*ytieg.com*,ytimg.com.
*yti-g.com*,ytimg.com.
*y4img.com*,ytimg.com.
*4wimg.com*,twimg.com.
*t7img.com*,twimg.com.
*twhmg.com*,twimg.com.
*twi-g.com*,twimg.com.
*twimw.com*,twimg.com.
*twilg.com*,twimg.com.
*twkmg.com*,twimg.com.
*twmmg.com*,twimg.com.
*uwimg.com*,twimg.com.
*a3pnetcdn.com*,aspnetcdn.com.
*acpnetcdn.com*,aspnetcdn.com.
*arpnetcdn.com*,aspnetcdn.com.
*aqpnetcdn.com*,aspnetcdn.com.
*as0netcdn.com*,aspnetcdn.com.
*aspfetcdn.com*,aspnetcdn.com.
*aspjetcdn.com*,aspnetcdn.com.
*aspndtcdn.com*,aspnetcdn.com.
*aspletcdn.com*,aspnetcdn.com.
*aspne4cdn.com*,aspnetcdn.com.
*aspnedcdn.com*,aspnetcdn.com.
*aspnepcdn.com*,aspnetcdn.com.
*aspnetadn.com*,aspnetcdn.com.
*aspnetbdn.com*,aspnetcdn.com.
*aspnetcdf.com*,aspnetcdn.com.
*aspnetcdj.com*,aspnetcdn.com.
*aspnetcdl.com*,aspnetcdn.com.
*aspnetcdo.com*,aspnetcdn.com.
*aspnetcen.com*,aspnetcdn.com.
*aspnetcln.com*,aspnetcdn.com.
*aspnetctn.com*,aspnetcdn.com.
*aspnetgdn.com*,aspnetcdn.com.
*aspnetkdn.com*,aspnetcdn.com.
*aspnetsdn.com*,aspnetcdn.com.
*aspneucdn.com*,aspnetcdn.com.
*aspnevcdn.com*,aspnetcdn.com.
*aspngtcdn.com*,aspnetcdn.com.
*aspoetcdn.com*,aspnetcdn.com.
*aspnmtcdn.com*,aspnetcdn.com.
*asqnetcdn.com*,aspnetcdn.com.
*asrnetcdn.com*,aspnetcdn.com.
*astnetcdn.com*,aspnetcdn.com.
*awpnetcdn.com*,aspnetcdn.com.
*asxnetcdn.com*,aspnetcdn.com.
*espnetcdn.com*,aspnetcdn.com.
*cspnetcdn.com*,aspnetcdn.com.
*qspnetcdn.com*,aspnetcdn.com.
*ispnetcdn.com*,aspnetcdn.com.
*3fdcstatic.com*,sfdcstatic.com.
*cfdcstatic.com*,sfdcstatic.com.
*qfdcstatic.com*,sfdcstatic.com.
*rfdcstatic.com*,sfdcstatic.com.
*sbdcstatic.com*,sfdcstatic.com.
*sfdbstatic.com*,sfdcstatic.com.
*sfdcrtatic.com*,sfdcstatic.com.
*sfdcqtatic.com*,sfdcstatic.com.
*sfdastatic.com*,sfdcstatic.com.
*sfdcctatic.com*,sfdcstatic.com.
*sfdc3tatic.com*,sfdcstatic.com.
*sfdcsdatic.com*,sfdcstatic.com.
*sfdcs4atic.com*,sfdcstatic.com.
*sfdcsta4ic.com*,sfdcstatic.com.
*sfdcstadic.com*,sfdcstatic.com.
*sfdcstatia.com*,sfdcstatic.com.
*sfdcspatic.com*,sfdcstatic.com.
*sfdcstathc.com*,sfdcstatic.com.
*sfdcstapic.com*,sfdcstatic.com.
*sfdcstatib.com*,sfdcstatic.com.
*sfdcstatis.com*,sfdcstatic.com.
*sfdcstavic.com*,sfdcstatic.com.
*sfdcstatyc.com*,sfdcstatic.com.
*sfdcstauic.com*,sfdcstatic.com.
*sfdcstatik.com*,sfdcstatic.com.
*sfdcstatig.com*,sfdcstatic.com.
*sfdcstatkc.com*,sfdcstatic.com.
*sfdcstatmc.com*,sfdcstatic.com.
*sfdcstctic.com*,sfdcstatic.com.
*sfdcstqtic.com*,sfdcstatic.com.
*sfdcsvatic.com*,sfdcstatic.com.
*sfdcsuatic.com*,sfdcstatic.com.
*sfdcwtatic.com*,sfdcstatic.com.
*sfdkstatic.com*,sfdcstatic.com.
*sfdgstatic.com*,sfdcstatic.com.
*sfecstatic.com*,sfdcstatic.com.
*sfdsstatic.com*,sfdcstatic.com.
*sflcstatic.com*,sfdcstatic.com.
*sftcstatic.com*,sfdcstatic.com.
*sndcstatic.com*,sfdcstatic.com.
*svdcstatic.com*,sfdcstatic.com.
*wfdcstatic.com*,sfdcstatic.com.
*fbadn.net*,fbcdn.net.
*fbcdj.net*,fbcdn.net.
*frcdn.net*,fbcdn.net.
